-- MySQL dump 10.13  Distrib 8.0.28, for Linux (x86_64)
--
-- Host: localhost    Database: laratest
-- ------------------------------------------------------
-- Server version	8.0.28-0ubuntu0.21.10.3

/*!40101 SET @OLD_CHARACTER_SET_CLIENT=@@CHARACTER_SET_CLIENT */;
/*!40101 SET @OLD_CHARACTER_SET_RESULTS=@@CHARACTER_SET_RESULTS */;
/*!40101 SET @OLD_COLLATION_CONNECTION=@@COLLATION_CONNECTION */;
/*!50503 SET NAMES utf8mb4 */;
/*!40103 SET @OLD_TIME_ZONE=@@TIME_ZONE */;
/*!40103 SET TIME_ZONE='+00:00' */;
/*!40014 SET @OLD_UNIQUE_CHECKS=@@UNIQUE_CHECKS, UNIQUE_CHECKS=0 */;
/*!40014 SET @OLD_FOREIGN_KEY_CHECKS=@@FOREIGN_KEY_CHECKS, FOREIGN_KEY_CHECKS=0 */;
/*!40101 SET @OLD_SQL_MODE=@@SQL_MODE, SQL_MODE='NO_AUTO_VALUE_ON_ZERO' */;
/*!40111 SET @OLD_SQL_NOTES=@@SQL_NOTES, SQL_NOTES=0 */;

--
-- Table structure for table `customers`
--

DROP TABLE IF EXISTS `customers`;
/*!40101 SET @saved_cs_client     = @@character_set_client */;
/*!50503 SET character_set_client = utf8mb4 */;
CREATE TABLE `customers` (
  `id` bigint unsigned NOT NULL AUTO_INCREMENT,
  `store_id` bigint unsigned NOT NULL,
  `first_name` varchar(100) NOT NULL,
  `phone` varchar(12) COLLATE utf8mb4_unicode_ci NOT NULL,
  `email` varchar(100) COLLATE utf8mb4_unicode_ci NOT NULL,
  `created_at` timestamp NOT NULL DEFAULT CURRENT_TIMESTAMP,
  `updated_at` timestamp NULL DEFAULT NULL,
  PRIMARY KEY (`id`),
  KEY `customer_store_FK` (`store_id`),
  CONSTRAINT `customer_store_FK` FOREIGN KEY (`store_id`) REFERENCES `stores` (`id`) ON DELETE CASCADE ON UPDATE CASCADE
) ENGINE=InnoDB AUTO_INCREMENT=19 DEFAULT CHARSET=utf8mb4 COLLATE=utf8mb4_unicode_ci;
/*!40101 SET character_set_client = @saved_cs_client */;

--
-- Dumping data for table `customers`
--

LOCK TABLES `customers` WRITE;
/*!40000 ALTER TABLE `customers` DISABLE KEYS */;
INSERT INTO `customers` VALUES (1,1,'Robert','0600000001','robert@gmail.com','2022-04-12 14:58:44',NULL),(2,1,'Gérard','0600000002','gerard@gmail.com','2022-04-12 14:58:44',NULL),(3,1,'Malika','0600000003','malika@gmail.com','2022-04-12 14:58:44',NULL),(4,1,'Micheline','0600000004','micheline@gmail.com','2022-04-12 14:58:44',NULL),(5,1,'Karim','0600000005','karim@gmail.com','2022-04-12 14:58:44',NULL),(6,2,'Gaston','0600000006','gaston@gmail.com','2022-04-12 14:58:44',NULL),(7,2,'Renée','0600000007','renee@gmail.com','2022-04-12 14:58:44',NULL),(8,2,'Camille','0600000008','camille@gmail.com','2022-04-12 14:58:44',NULL),(9,3,'Mélanie','0600000009','melanie@gmail.com','2022-04-12 14:58:44',NULL),(10,3,'Géraldine','0600000010','geraldine@gmail.com','2022-04-12 14:58:44',NULL),(11,3,'Julie','0600000011','julie@gmail.com','2022-04-12 14:58:44',NULL),(12,3,'Damien','0600000012','bgdu37@gmail.com','2022-04-12 14:58:44',NULL),(13,3,'Thomas','0600000013','thomas@gmail.com','2022-04-12 14:58:44',NULL),(14,3,'Alexandre','0600000014','alex@gmail.com','2022-04-12 14:58:44',NULL),(15,3,'Mohamed','0600000015','mohamed@gmail.com','2022-04-12 14:58:44',NULL),(16,2,'Akiko','0600000016','akiko@gmail.com','2022-04-12 14:58:44',NULL),(17,1,'Etienne','0600000017','etienne@gmail.com','2022-04-12 14:58:44',NULL),(18,1,'Moussa','0600000018','moussa@gmail.com','2022-04-12 14:58:44',NULL);
/*!40000 ALTER TABLE `customers` ENABLE KEYS */;
UNLOCK TABLES;

--
-- Table structure for table `migrations`
--

DROP TABLE IF EXISTS `migrations`;
/*!40101 SET @saved_cs_client     = @@character_set_client */;
/*!50503 SET character_set_client = utf8mb4 */;
CREATE TABLE `migrations` (
  `id` int unsigned NOT NULL AUTO_INCREMENT,
  `migration` varchar(255) COLLATE utf8mb4_unicode_ci NOT NULL,
  `batch` int NOT NULL,
  PRIMARY KEY (`id`)
) ENGINE=InnoDB AUTO_INCREMENT=5 DEFAULT CHARSET=utf8mb4 COLLATE=utf8mb4_unicode_ci;
/*!40101 SET character_set_client = @saved_cs_client */;

--
-- Dumping data for table `migrations`
--

LOCK TABLES `migrations` WRITE;
/*!40000 ALTER TABLE `migrations` DISABLE KEYS */;
/*!40000 ALTER TABLE `migrations` ENABLE KEYS */;
UNLOCK TABLES;

--
-- Table structure for table `stores`
--

DROP TABLE IF EXISTS `stores`;
/*!40101 SET @saved_cs_client     = @@character_set_client */;
/*!50503 SET character_set_client = utf8mb4 */;
CREATE TABLE `stores` (
  `id` bigint unsigned NOT NULL AUTO_INCREMENT,
  `name` varchar(100) COLLATE utf8mb4_unicode_ci NOT NULL,
  `created_at` timestamp NOT NULL DEFAULT CURRENT_TIMESTAMP,
  `updated_at` timestamp NULL DEFAULT NULL,
  PRIMARY KEY (`id`)
) ENGINE=InnoDB AUTO_INCREMENT=5 DEFAULT CHARSET=utf8mb4 COLLATE=utf8mb4_unicode_ci;
/*!40101 SET character_set_client = @saved_cs_client */;

--
-- Dumping data for table `stores`
--

LOCK TABLES `stores` WRITE;
/*!40000 ALTER TABLE `stores` DISABLE KEYS */;
INSERT INTO `stores` VALUES (1,'Super U','2022-04-12 14:53:02',NULL),(2,'Leclerc','2022-04-12 14:53:02',NULL),(3,'Monoprix','2022-04-12 14:53:02',NULL),(4,'Géant','2022-04-12 14:53:02',NULL);
/*!40000 ALTER TABLE `stores` ENABLE KEYS */;
UNLOCK TABLES;

--
-- Table structure for table `visits`
--

DROP TABLE IF EXISTS `visits`;
/*!40101 SET @saved_cs_client     = @@character_set_client */;
/*!50503 SET character_set_client = utf8mb4 */;
CREATE TABLE `visits` (
  `id` bigint unsigned NOT NULL AUTO_INCREMENT,
  `store_id` bigint unsigned NOT NULL,
  `customer_id` bigint unsigned NOT NULL,
  `created_at` timestamp NOT NULL DEFAULT CURRENT_TIMESTAMP,
  `updated_at` timestamp NULL DEFAULT NULL,
  PRIMARY KEY (`id`),
  KEY `visit_store_FK` (`store_id`),
  KEY `visit_customer_FK` (`customer_id`),
  CONSTRAINT `visit_customer_FK` FOREIGN KEY (`customer_id`) REFERENCES `customers` (`id`) ON DELETE CASCADE ON UPDATE CASCADE,
  CONSTRAINT `visit_store_FK` FOREIGN KEY (`store_id`) REFERENCES `stores` (`id`) ON DELETE CASCADE ON UPDATE CASCADE
) ENGINE=InnoDB AUTO_INCREMENT=992 DEFAULT CHARSET=utf8mb4 COLLATE=utf8mb4_unicode_ci;
/*!40101 SET character_set_client = @saved_cs_client */;

--
-- Dumping data for table `visits`
--

LOCK TABLES `visits` WRITE;
/*!40000 ALTER TABLE `visits` DISABLE KEYS */;
INSERT INTO `visits` VALUES (1,1,4,'2022-09-20 22:00:00',NULL),(2,2,4,'2022-11-20 23:00:00',NULL),(3,2,15,'2022-09-10 22:00:00',NULL),(4,3,7,'2022-03-01 23:00:00',NULL),(5,2,16,'2022-11-27 23:00:00',NULL),(6,1,11,'2021-09-24 22:00:00',NULL),(7,1,3,'2022-12-09 23:00:00',NULL),(8,3,4,'2022-05-04 22:00:00',NULL),(9,1,10,'2022-08-02 22:00:00',NULL),(10,2,14,'2022-08-14 22:00:00',NULL),(11,3,4,'2022-05-01 22:00:00',NULL),(12,1,2,'2022-11-12 23:00:00',NULL),(13,2,7,'2022-05-14 22:00:00',NULL),(14,1,3,'2022-08-15 22:00:00',NULL),(15,3,14,'2022-01-07 23:00:00',NULL),(16,2,10,'2022-11-21 23:00:00',NULL),(17,1,6,'2022-03-19 23:00:00',NULL),(18,2,12,'2022-02-28 23:00:00',NULL),(19,1,11,'2022-03-24 23:00:00',NULL),(20,1,6,'2022-06-25 22:00:00',NULL),(21,2,5,'2022-06-12 22:00:00',NULL),(22,2,1,'2022-07-03 22:00:00',NULL),(23,3,5,'2022-01-27 23:00:00',NULL),(24,2,13,'2021-07-25 22:00:00',NULL),(25,3,3,'2022-10-03 22:00:00',NULL),(26,3,2,'2022-03-27 22:00:00',NULL),(27,1,12,'2022-01-20 23:00:00',NULL),(28,2,6,'2022-06-15 22:00:00',NULL),(29,3,8,'2022-03-07 23:00:00',NULL),(30,2,6,'2022-09-25 22:00:00',NULL),(31,3,3,'2022-06-19 22:00:00',NULL),(32,1,1,'2022-03-08 23:00:00',NULL),(33,1,12,'2022-01-21 23:00:00',NULL),(34,3,13,'2022-02-28 23:00:00',NULL),(35,3,14,'2022-11-15 23:00:00',NULL),(36,1,4,'2022-02-08 23:00:00',NULL),(37,2,1,'2022-05-06 22:00:00',NULL),(38,2,16,'2022-03-11 23:00:00',NULL),(39,1,7,'2022-09-21 22:00:00',NULL),(40,3,8,'2022-09-13 22:00:00',NULL),(41,2,18,'2022-01-26 23:00:00',NULL),(42,1,4,'2021-12-13 23:00:00',NULL),(43,3,1,'2022-06-11 22:00:00',NULL),(44,1,13,'2022-07-26 22:00:00',NULL),(45,3,12,'2022-04-11 22:00:00',NULL),(46,2,2,'2022-06-13 22:00:00',NULL),(47,2,4,'2022-09-22 22:00:00',NULL),(48,3,3,'2022-05-09 22:00:00',NULL),(49,1,3,'2022-10-17 22:00:00',NULL),(50,1,8,'2022-07-10 22:00:00',NULL),(51,1,5,'2022-07-31 22:00:00',NULL),(52,3,11,'2022-07-15 22:00:00',NULL),(53,3,13,'2022-10-10 22:00:00',NULL),(54,1,14,'2022-03-06 23:00:00',NULL),(55,2,4,'2022-11-03 23:00:00',NULL),(56,2,4,'2022-09-05 22:00:00',NULL),(57,2,18,'2022-10-03 22:00:00',NULL),(58,2,8,'2022-03-01 23:00:00',NULL),(59,1,7,'2022-12-05 23:00:00',NULL),(60,1,6,'2021-04-03 22:00:00',NULL),(61,3,13,'2022-12-18 23:00:00',NULL),(62,1,10,'2022-05-22 22:00:00',NULL),(63,2,6,'2022-04-01 22:00:00',NULL),(64,3,11,'2022-11-25 23:00:00',NULL),(65,1,7,'2022-01-11 23:00:00',NULL),(66,3,8,'2022-11-25 23:00:00',NULL),(67,1,9,'2022-05-10 22:00:00',NULL),(68,2,11,'2022-12-25 23:00:00',NULL),(69,3,8,'2022-07-06 22:00:00',NULL),(70,2,9,'2022-03-02 23:00:00',NULL),(71,3,2,'2022-01-19 23:00:00',NULL),(72,3,9,'2022-01-01 23:00:00',NULL),(73,2,1,'2022-01-07 23:00:00',NULL),(74,3,12,'2022-12-23 23:00:00',NULL),(75,3,13,'2022-05-07 22:00:00',NULL),(76,3,12,'2022-06-15 22:00:00',NULL),(77,1,6,'2022-08-17 22:00:00',NULL),(78,3,1,'2021-06-10 22:00:00',NULL),(79,2,2,'2022-09-10 22:00:00',NULL),(80,2,13,'2022-04-20 22:00:00',NULL),(81,3,5,'2022-04-03 22:00:00',NULL),(82,2,4,'2022-09-22 22:00:00',NULL),(83,3,5,'2022-01-16 23:00:00',NULL),(84,2,14,'2022-06-23 22:00:00',NULL),(85,1,5,'2022-03-13 23:00:00',NULL),(86,3,6,'2022-07-22 22:00:00',NULL),(87,1,14,'2022-04-04 22:00:00',NULL),(88,2,11,'2022-10-06 22:00:00',NULL),(89,1,8,'2022-06-15 22:00:00',NULL),(90,3,1,'2022-02-23 23:00:00',NULL),(91,2,4,'2022-04-03 22:00:00',NULL),(92,2,9,'2022-02-07 23:00:00',NULL),(93,1,10,'2022-04-15 22:00:00',NULL),(94,2,13,'2022-04-08 22:00:00',NULL),(95,3,15,'2022-01-19 23:00:00',NULL),(96,1,6,'2021-03-08 23:00:00',NULL),(97,2,12,'2022-05-13 22:00:00',NULL),(98,1,7,'2022-11-15 23:00:00',NULL),(99,1,2,'2022-07-20 22:00:00',NULL),(100,2,11,'2022-02-19 23:00:00',NULL),(101,1,4,'2022-10-20 22:00:00',NULL),(102,2,13,'2022-01-19 23:00:00',NULL),(103,3,7,'2022-12-17 23:00:00',NULL),(104,2,7,'2022-10-04 22:00:00',NULL),(105,2,5,'2022-11-14 23:00:00',NULL),(106,2,9,'2022-11-16 23:00:00',NULL),(107,3,9,'2022-03-20 23:00:00',NULL),(108,1,12,'2022-11-15 23:00:00',NULL),(109,3,13,'2022-03-17 23:00:00',NULL),(110,1,6,'2022-10-21 22:00:00',NULL),(111,1,11,'2022-06-04 22:00:00',NULL),(112,1,16,'2022-01-23 23:00:00',NULL),(113,3,14,'2022-05-16 22:00:00',NULL),(114,2,13,'2021-04-27 22:00:00',NULL),(115,3,11,'2022-10-05 22:00:00',NULL),(116,1,7,'2022-05-07 22:00:00',NULL),(117,2,5,'2022-12-25 23:00:00',NULL),(118,1,2,'2022-07-19 22:00:00',NULL),(119,3,11,'2022-07-17 22:00:00',NULL),(120,3,12,'2021-12-31 23:00:00',NULL),(121,3,3,'2022-03-03 23:00:00',NULL),(122,3,1,'2022-07-02 22:00:00',NULL),(123,1,7,'2022-06-30 22:00:00',NULL),(124,2,14,'2022-03-16 23:00:00',NULL),(125,3,6,'2022-01-20 23:00:00',NULL),(126,3,3,'2022-11-09 23:00:00',NULL),(127,2,9,'2022-12-26 23:00:00',NULL),(128,3,8,'2022-06-10 22:00:00',NULL),(129,2,4,'2022-08-18 22:00:00',NULL),(130,1,11,'2022-09-20 22:00:00',NULL),(131,1,6,'2022-03-16 23:00:00',NULL),(132,2,3,'2021-01-23 23:00:00',NULL),(133,3,14,'2022-10-05 22:00:00',NULL),(134,2,4,'2022-07-13 22:00:00',NULL),(135,2,6,'2022-11-16 23:00:00',NULL),(136,2,12,'2022-11-03 23:00:00',NULL),(137,3,11,'2022-05-25 22:00:00',NULL),(138,3,5,'2022-12-16 23:00:00',NULL),(139,2,10,'2022-08-07 22:00:00',NULL),(140,3,7,'2022-08-23 22:00:00',NULL),(141,3,12,'2022-08-17 22:00:00',NULL),(142,2,12,'2022-07-21 22:00:00',NULL),(143,3,3,'2022-10-08 22:00:00',NULL),(144,3,13,'2022-02-18 23:00:00',NULL),(145,3,3,'2022-09-30 22:00:00',NULL),(146,1,18,'2022-11-30 23:00:00',NULL),(147,3,5,'2022-04-17 22:00:00',NULL),(148,1,17,'2022-02-26 23:00:00',NULL),(149,3,15,'2022-07-16 22:00:00',NULL),(150,3,10,'2021-08-14 22:00:00',NULL),(151,3,5,'2022-11-14 23:00:00',NULL),(152,1,9,'2022-04-21 22:00:00',NULL),(153,1,10,'2022-06-05 22:00:00',NULL),(154,1,5,'2022-11-21 23:00:00',NULL),(155,3,5,'2022-10-22 22:00:00',NULL),(156,1,7,'2022-07-16 22:00:00',NULL),(157,2,1,'2022-11-09 23:00:00',NULL),(158,3,10,'2022-04-16 22:00:00',NULL),(159,1,7,'2022-07-20 22:00:00',NULL),(160,1,12,'2022-09-08 22:00:00',NULL),(161,1,4,'2022-02-21 23:00:00',NULL),(162,3,11,'2022-09-19 22:00:00',NULL),(163,3,6,'2022-02-27 23:00:00',NULL),(164,1,3,'2022-03-20 23:00:00',NULL),(165,3,5,'2022-06-16 22:00:00',NULL),(166,1,16,'2022-08-27 22:00:00',NULL),(167,2,4,'2022-12-19 23:00:00',NULL),(168,2,2,'2021-11-16 23:00:00',NULL),(169,3,6,'2022-01-08 23:00:00',NULL),(170,1,12,'2022-04-17 22:00:00',NULL),(171,2,1,'2022-02-16 23:00:00',NULL),(172,2,8,'2022-05-01 22:00:00',NULL),(173,3,12,'2022-04-14 22:00:00',NULL),(174,3,12,'2022-04-12 22:00:00',NULL),(175,3,12,'2022-09-09 22:00:00',NULL),(176,3,1,'2022-02-23 23:00:00',NULL),(177,3,12,'2022-07-25 22:00:00',NULL),(178,2,10,'2022-08-20 22:00:00',NULL),(179,1,5,'2022-06-15 22:00:00',NULL),(180,2,14,'2022-05-25 22:00:00',NULL),(181,3,8,'2022-01-22 23:00:00',NULL),(182,1,2,'2022-04-30 22:00:00',NULL),(183,2,9,'2022-09-07 22:00:00',NULL),(184,3,17,'2022-10-17 22:00:00',NULL),(185,3,3,'2022-11-16 23:00:00',NULL),(186,2,7,'2021-12-21 23:00:00',NULL),(187,3,13,'2022-12-06 23:00:00',NULL),(188,3,6,'2022-03-15 23:00:00',NULL),(189,2,3,'2022-08-11 22:00:00',NULL),(190,3,14,'2022-05-01 22:00:00',NULL),(191,3,7,'2022-06-18 22:00:00',NULL),(192,1,2,'2022-05-20 22:00:00',NULL),(193,3,13,'2022-05-04 22:00:00',NULL),(194,1,6,'2022-08-27 22:00:00',NULL),(195,1,14,'2022-06-08 22:00:00',NULL),(196,2,7,'2022-06-18 22:00:00',NULL),(197,3,11,'2022-06-30 22:00:00',NULL),(198,1,11,'2022-10-05 22:00:00',NULL),(199,2,1,'2022-09-21 22:00:00',NULL),(200,2,17,'2022-11-07 23:00:00',NULL),(201,3,13,'2022-03-10 23:00:00',NULL),(202,1,6,'2022-09-17 22:00:00',NULL),(203,2,18,'2022-01-19 23:00:00',NULL),(204,1,4,'2021-03-19 23:00:00',NULL),(205,1,9,'2022-08-03 22:00:00',NULL),(206,1,13,'2022-07-27 22:00:00',NULL),(207,1,8,'2022-11-12 23:00:00',NULL),(208,2,14,'2022-03-16 23:00:00',NULL),(209,2,10,'2022-08-03 22:00:00',NULL),(210,2,12,'2022-09-07 22:00:00',NULL),(211,2,4,'2022-05-07 22:00:00',NULL),(212,2,13,'2022-01-16 23:00:00',NULL),(213,3,12,'2022-09-06 22:00:00',NULL),(214,3,8,'2022-12-26 23:00:00',NULL),(215,1,7,'2022-08-31 22:00:00',NULL),(216,3,11,'2022-02-26 23:00:00',NULL),(217,2,4,'2022-09-09 22:00:00',NULL),(218,2,15,'2022-05-20 22:00:00',NULL),(219,3,13,'2022-01-18 23:00:00',NULL),(220,3,18,'2022-08-05 22:00:00',NULL),(221,3,8,'2022-08-16 22:00:00',NULL),(222,1,8,'2021-02-03 23:00:00',NULL),(223,1,3,'2022-06-27 22:00:00',NULL),(224,3,6,'2022-04-06 22:00:00',NULL),(225,2,1,'2022-12-09 23:00:00',NULL),(226,2,5,'2022-09-21 22:00:00',NULL),(227,1,9,'2022-08-23 22:00:00',NULL),(228,3,8,'2022-07-02 22:00:00',NULL),(229,2,13,'2022-12-02 23:00:00',NULL),(230,2,7,'2022-10-23 22:00:00',NULL),(231,3,13,'2022-07-07 22:00:00',NULL),(232,3,4,'2022-10-14 22:00:00',NULL),(233,1,12,'2022-02-08 23:00:00',NULL),(234,3,2,'2022-12-05 23:00:00',NULL),(235,3,2,'2022-10-06 22:00:00',NULL),(236,1,9,'2022-10-21 22:00:00',NULL),(237,3,16,'2022-11-13 23:00:00',NULL),(238,3,9,'2022-09-18 22:00:00',NULL),(239,2,14,'2022-04-09 22:00:00',NULL),(240,1,10,'2021-08-21 22:00:00',NULL),(241,2,3,'2022-09-10 22:00:00',NULL),(242,1,13,'2022-12-25 23:00:00',NULL),(243,2,5,'2022-05-24 22:00:00',NULL),(244,3,2,'2022-12-17 23:00:00',NULL),(245,2,1,'2022-12-06 23:00:00',NULL),(246,2,7,'2022-04-26 22:00:00',NULL),(247,3,7,'2022-02-07 23:00:00',NULL),(248,2,11,'2022-11-19 23:00:00',NULL),(249,3,1,'2022-05-25 22:00:00',NULL),(250,1,9,'2022-10-05 22:00:00',NULL),(251,2,7,'2022-03-24 23:00:00',NULL),(252,1,10,'2022-04-23 22:00:00',NULL),(253,3,12,'2022-02-04 23:00:00',NULL),(254,2,1,'2022-02-01 23:00:00',NULL),(255,3,10,'2022-04-03 22:00:00',NULL),(256,2,17,'2022-10-26 22:00:00',NULL),(257,3,7,'2022-03-02 23:00:00',NULL),(258,2,1,'2021-09-07 22:00:00',NULL),(259,2,7,'2022-06-14 22:00:00',NULL),(260,3,8,'2022-01-02 23:00:00',NULL),(261,3,3,'2022-05-27 22:00:00',NULL),(262,3,7,'2022-04-02 22:00:00',NULL),(263,2,7,'2022-10-12 22:00:00',NULL),(264,3,7,'2022-09-17 22:00:00',NULL),(265,3,7,'2022-02-09 23:00:00',NULL),(266,1,5,'2022-12-13 23:00:00',NULL),(267,3,1,'2022-04-01 22:00:00',NULL),(268,1,1,'2022-05-07 22:00:00',NULL),(269,3,2,'2022-06-13 22:00:00',NULL),(270,3,3,'2022-02-13 23:00:00',NULL),(271,3,7,'2022-11-07 23:00:00',NULL),(272,3,15,'2022-06-05 22:00:00',NULL),(273,1,5,'2022-10-20 22:00:00',NULL),(274,3,2,'2022-09-04 22:00:00',NULL),(275,2,16,'2022-04-24 22:00:00',NULL),(276,1,12,'2021-01-22 23:00:00',NULL),(277,1,7,'2022-09-06 22:00:00',NULL),(278,1,4,'2022-04-24 22:00:00',NULL),(279,1,2,'2022-06-18 22:00:00',NULL),(280,3,4,'2022-04-04 22:00:00',NULL),(281,3,6,'2022-10-13 22:00:00',NULL),(282,1,10,'2022-05-01 22:00:00',NULL),(283,2,5,'2022-09-13 22:00:00',NULL),(284,2,8,'2022-12-20 23:00:00',NULL),(285,1,11,'2022-04-13 22:00:00',NULL),(286,2,12,'2022-12-07 23:00:00',NULL),(287,1,11,'2022-07-06 22:00:00',NULL),(288,1,8,'2022-06-23 22:00:00',NULL),(289,2,10,'2022-01-13 23:00:00',NULL),(290,3,15,'2022-04-08 22:00:00',NULL),(291,3,5,'2022-08-24 22:00:00',NULL),(292,2,3,'2022-07-25 22:00:00',NULL),(293,3,16,'2022-05-10 22:00:00',NULL),(294,2,10,'2021-02-06 23:00:00',NULL),(295,3,11,'2022-05-21 22:00:00',NULL),(296,1,13,'2022-01-25 23:00:00',NULL),(297,1,10,'2021-12-31 23:00:00',NULL),(298,2,2,'2022-04-26 22:00:00',NULL),(299,3,1,'2022-03-02 23:00:00',NULL),(300,2,6,'2022-02-08 23:00:00',NULL),(301,2,2,'2022-01-31 23:00:00',NULL),(302,1,12,'2022-08-15 22:00:00',NULL),(303,3,4,'2022-08-04 22:00:00',NULL),(304,2,11,'2022-07-11 22:00:00',NULL),(305,3,8,'2022-11-12 23:00:00',NULL),(306,1,13,'2022-03-31 22:00:00',NULL),(307,2,14,'2022-07-15 22:00:00',NULL),(308,2,8,'2022-03-15 23:00:00',NULL),(309,1,13,'2022-11-13 23:00:00',NULL),(310,3,10,'2022-08-03 22:00:00',NULL),(311,2,15,'2022-03-31 22:00:00',NULL),(312,3,14,'2021-09-25 22:00:00',NULL),(313,3,6,'2022-04-16 22:00:00',NULL),(314,3,6,'2022-10-01 22:00:00',NULL),(315,1,2,'2022-04-07 22:00:00',NULL),(316,3,13,'2022-06-17 22:00:00',NULL),(317,2,10,'2022-04-10 22:00:00',NULL),(318,1,14,'2022-09-07 22:00:00',NULL),(319,1,14,'2022-01-24 23:00:00',NULL),(320,1,12,'2022-02-21 23:00:00',NULL),(321,3,13,'2022-01-12 23:00:00',NULL),(322,2,5,'2022-10-14 22:00:00',NULL),(323,2,5,'2022-01-13 23:00:00',NULL),(324,2,2,'2022-10-24 22:00:00',NULL),(325,1,6,'2022-01-21 23:00:00',NULL),(326,3,3,'2022-03-27 22:00:00',NULL),(327,1,6,'2022-08-18 22:00:00',NULL),(328,1,9,'2022-12-12 23:00:00',NULL),(329,2,16,'2022-08-07 22:00:00',NULL),(330,3,1,'2021-01-26 23:00:00',NULL),(331,3,14,'2022-09-09 22:00:00',NULL),(332,1,5,'2022-02-07 23:00:00',NULL),(333,3,8,'2022-02-23 23:00:00',NULL),(334,2,4,'2022-10-09 22:00:00',NULL),(335,1,12,'2022-12-05 23:00:00',NULL),(336,2,14,'2022-05-13 22:00:00',NULL),(337,3,13,'2022-03-01 23:00:00',NULL),(338,3,11,'2022-01-18 23:00:00',NULL),(339,3,4,'2022-07-27 22:00:00',NULL),(340,3,11,'2022-06-06 22:00:00',NULL),(341,2,7,'2022-06-30 22:00:00',NULL),(342,2,6,'2022-10-13 22:00:00',NULL),(343,2,6,'2022-05-15 22:00:00',NULL),(344,3,15,'2022-04-26 22:00:00',NULL),(345,2,3,'2022-01-04 23:00:00',NULL),(346,1,5,'2022-04-24 22:00:00',NULL),(347,3,1,'2022-06-23 22:00:00',NULL),(348,3,9,'2021-06-18 22:00:00',NULL),(349,2,5,'2022-11-26 23:00:00',NULL),(350,2,12,'2022-11-21 23:00:00',NULL),(351,3,3,'2022-11-12 23:00:00',NULL),(352,1,13,'2022-09-30 22:00:00',NULL),(353,2,13,'2022-04-10 22:00:00',NULL),(354,1,11,'2022-02-06 23:00:00',NULL),(355,2,5,'2022-11-07 23:00:00',NULL),(356,3,14,'2022-09-16 22:00:00',NULL),(357,2,10,'2022-10-08 22:00:00',NULL),(358,1,4,'2022-08-21 22:00:00',NULL),(359,2,7,'2022-08-11 22:00:00',NULL),(360,2,14,'2022-03-20 23:00:00',NULL),(361,2,7,'2022-01-23 23:00:00',NULL),(362,1,2,'2022-02-25 23:00:00',NULL),(363,1,10,'2022-09-09 22:00:00',NULL),(364,3,7,'2022-11-08 23:00:00',NULL),(365,3,12,'2022-12-03 23:00:00',NULL),(366,2,2,'2021-05-13 22:00:00',NULL),(367,3,6,'2022-05-13 22:00:00',NULL),(368,1,3,'2022-12-01 23:00:00',NULL),(369,3,2,'2022-11-14 23:00:00',NULL),(370,1,5,'2022-02-03 23:00:00',NULL),(371,2,12,'2022-12-05 23:00:00',NULL),(372,3,8,'2022-09-30 22:00:00',NULL),(373,3,12,'2022-03-25 23:00:00',NULL),(374,1,2,'2022-01-03 23:00:00',NULL),(375,3,3,'2022-04-16 22:00:00',NULL),(376,2,4,'2022-01-03 23:00:00',NULL),(377,3,13,'2022-01-10 23:00:00',NULL),(378,2,8,'2021-12-31 23:00:00',NULL),(379,1,7,'2022-07-21 22:00:00',NULL),(380,3,16,'2022-04-12 22:00:00',NULL),(381,1,5,'2022-08-19 22:00:00',NULL),(382,3,13,'2022-03-23 23:00:00',NULL),(383,1,14,'2022-10-09 22:00:00',NULL),(384,2,4,'2021-11-27 23:00:00',NULL),(385,1,4,'2022-08-03 22:00:00',NULL),(386,1,11,'2022-08-06 22:00:00',NULL),(387,2,7,'2022-07-11 22:00:00',NULL),(388,3,1,'2022-08-09 22:00:00',NULL),(389,2,5,'2022-08-10 22:00:00',NULL),(390,3,10,'2022-01-07 23:00:00',NULL),(391,1,1,'2022-12-08 23:00:00',NULL),(392,1,9,'2022-04-24 22:00:00',NULL),(393,2,9,'2022-07-08 22:00:00',NULL),(394,3,12,'2022-10-10 22:00:00',NULL),(395,2,12,'2022-12-17 23:00:00',NULL),(396,3,11,'2022-08-31 22:00:00',NULL),(397,3,6,'2022-06-06 22:00:00',NULL),(398,3,16,'2022-11-18 23:00:00',NULL),(399,3,16,'2022-11-01 23:00:00',NULL),(400,1,2,'2022-03-24 23:00:00',NULL),(401,2,14,'2022-02-02 23:00:00',NULL),(402,2,2,'2021-03-14 23:00:00',NULL),(403,1,10,'2022-08-16 22:00:00',NULL),(404,1,5,'2022-11-27 23:00:00',NULL),(405,2,11,'2022-04-20 22:00:00',NULL),(406,1,2,'2022-02-22 23:00:00',NULL),(407,1,4,'2022-08-06 22:00:00',NULL),(408,1,1,'2022-08-24 22:00:00',NULL),(409,2,5,'2022-10-08 22:00:00',NULL),(410,3,11,'2022-07-13 22:00:00',NULL),(411,2,2,'2022-08-16 22:00:00',NULL),(412,3,3,'2022-05-07 22:00:00',NULL),(413,1,6,'2022-01-17 23:00:00',NULL),(414,1,5,'2022-10-12 22:00:00',NULL),(415,2,8,'2022-04-16 22:00:00',NULL),(416,1,3,'2022-06-08 22:00:00',NULL),(417,3,9,'2022-06-05 22:00:00',NULL),(418,2,10,'2022-12-08 23:00:00',NULL),(419,1,18,'2022-01-10 23:00:00',NULL),(420,2,14,'2021-12-22 23:00:00',NULL),(421,2,14,'2022-03-24 23:00:00',NULL),(422,1,4,'2022-10-10 22:00:00',NULL),(423,3,13,'2022-12-27 23:00:00',NULL),(424,3,4,'2022-06-24 22:00:00',NULL),(425,3,9,'2022-11-23 23:00:00',NULL),(426,1,7,'2022-01-23 23:00:00',NULL),(427,2,1,'2022-04-19 22:00:00',NULL),(428,3,10,'2022-03-11 23:00:00',NULL),(429,3,11,'2022-10-09 22:00:00',NULL),(430,2,3,'2022-03-18 23:00:00',NULL),(431,3,10,'2022-09-04 22:00:00',NULL),(432,1,12,'2022-09-08 22:00:00',NULL),(433,3,8,'2022-07-24 22:00:00',NULL),(434,1,16,'2022-05-06 22:00:00',NULL),(435,2,6,'2022-03-12 23:00:00',NULL),(436,2,18,'2022-11-07 23:00:00',NULL),(437,1,6,'2022-01-06 23:00:00',NULL),(438,3,14,'2021-08-06 22:00:00',NULL),(439,1,10,'2022-05-13 22:00:00',NULL),(440,2,7,'2022-01-01 23:00:00',NULL),(441,3,12,'2022-08-10 22:00:00',NULL),(442,1,8,'2022-08-04 22:00:00',NULL),(443,3,7,'2022-09-11 22:00:00',NULL),(444,1,14,'2022-10-25 22:00:00',NULL),(445,2,2,'2022-07-01 22:00:00',NULL),(446,2,5,'2022-10-10 22:00:00',NULL),(447,1,1,'2022-06-21 22:00:00',NULL),(448,1,8,'2022-06-01 22:00:00',NULL),(449,1,2,'2022-01-02 23:00:00',NULL),(450,1,1,'2022-05-03 22:00:00',NULL),(451,1,11,'2022-10-02 22:00:00',NULL),(452,2,16,'2022-04-19 22:00:00',NULL),(453,1,5,'2022-06-12 22:00:00',NULL),(454,3,7,'2022-07-04 22:00:00',NULL),(455,3,9,'2022-04-10 22:00:00',NULL),(456,3,10,'2021-05-02 22:00:00',NULL),(457,2,10,'2022-03-17 23:00:00',NULL),(458,3,10,'2022-03-03 23:00:00',NULL),(459,1,8,'2022-10-26 22:00:00',NULL),(460,3,4,'2022-12-04 23:00:00',NULL),(461,2,5,'2022-08-24 22:00:00',NULL),(462,1,6,'2022-05-27 22:00:00',NULL),(463,3,9,'2022-02-21 23:00:00',NULL),(464,2,5,'2022-03-03 23:00:00',NULL),(465,2,11,'2022-12-01 23:00:00',NULL),(466,2,3,'2022-04-16 22:00:00',NULL),(467,3,5,'2022-10-31 23:00:00',NULL),(468,2,3,'2022-03-18 23:00:00',NULL),(469,2,2,'2022-06-11 22:00:00',NULL),(470,2,13,'2022-04-30 22:00:00',NULL),(471,1,8,'2022-08-14 22:00:00',NULL),(472,2,16,'2022-01-07 23:00:00',NULL),(473,1,16,'2022-03-09 23:00:00',NULL),(474,3,6,'2021-10-24 22:00:00',NULL),(475,3,4,'2022-06-14 22:00:00',NULL),(476,3,4,'2022-03-10 23:00:00',NULL),(477,3,7,'2022-12-02 23:00:00',NULL),(478,2,10,'2022-04-05 22:00:00',NULL),(479,2,4,'2022-01-02 23:00:00',NULL),(480,3,3,'2022-10-03 22:00:00',NULL),(481,1,9,'2022-04-05 22:00:00',NULL),(482,1,5,'2022-11-17 23:00:00',NULL),(483,3,2,'2022-03-16 23:00:00',NULL),(484,2,11,'2022-12-08 23:00:00',NULL),(485,1,8,'2022-01-05 23:00:00',NULL),(486,1,4,'2022-04-13 22:00:00',NULL),(487,2,9,'2022-08-08 22:00:00',NULL),(488,3,10,'2022-10-04 22:00:00',NULL),(489,1,2,'2022-03-06 23:00:00',NULL),(490,2,8,'2022-06-22 22:00:00',NULL),(491,3,16,'2022-09-01 22:00:00',NULL),(492,3,11,'2021-01-01 23:00:00',NULL),(493,1,2,'2022-07-23 22:00:00',NULL),(494,2,7,'2022-01-09 23:00:00',NULL),(495,2,14,'2022-12-05 23:00:00',NULL),(496,3,4,'2022-10-24 22:00:00',NULL),(497,2,14,'2022-12-02 23:00:00',NULL),(498,3,8,'2022-04-19 22:00:00',NULL),(499,3,11,'2022-05-14 22:00:00',NULL),(500,2,12,'2022-12-10 23:00:00',NULL),(501,3,11,'2022-09-17 22:00:00',NULL),(502,3,11,'2022-10-14 22:00:00',NULL),(503,3,4,'2022-01-05 23:00:00',NULL),(504,2,9,'2022-04-05 22:00:00',NULL),(505,1,3,'2022-02-10 23:00:00',NULL),(506,1,7,'2022-12-10 23:00:00',NULL),(507,2,5,'2022-12-12 23:00:00',NULL),(508,2,6,'2022-07-25 22:00:00',NULL),(509,3,8,'2022-01-25 23:00:00',NULL),(510,3,14,'2021-12-16 23:00:00',NULL),(511,1,14,'2022-07-21 22:00:00',NULL),(512,1,4,'2022-05-04 22:00:00',NULL),(513,1,13,'2022-07-14 22:00:00',NULL),(514,1,13,'2022-12-08 23:00:00',NULL),(515,1,8,'2022-10-18 22:00:00',NULL),(516,3,13,'2022-02-17 23:00:00',NULL),(517,1,7,'2022-06-11 22:00:00',NULL),(518,2,4,'2022-11-06 23:00:00',NULL),(519,3,10,'2022-08-26 22:00:00',NULL),(520,1,11,'2022-09-27 22:00:00',NULL),(521,2,11,'2022-04-14 22:00:00',NULL),(522,3,12,'2022-11-27 23:00:00',NULL),(523,1,8,'2022-04-18 22:00:00',NULL),(524,2,15,'2022-10-20 22:00:00',NULL),(525,3,11,'2022-12-09 23:00:00',NULL),(526,2,3,'2022-12-19 23:00:00',NULL),(527,2,15,'2022-10-04 22:00:00',NULL),(528,1,13,'2021-06-01 22:00:00',NULL),(529,2,2,'2022-09-11 22:00:00',NULL),(530,3,12,'2022-06-12 22:00:00',NULL),(531,2,1,'2022-12-15 23:00:00',NULL),(532,1,8,'2022-03-02 23:00:00',NULL),(533,1,14,'2022-10-03 22:00:00',NULL),(534,2,9,'2022-07-01 22:00:00',NULL),(535,2,13,'2022-09-30 22:00:00',NULL),(536,1,11,'2022-01-09 23:00:00',NULL),(537,3,13,'2022-12-10 23:00:00',NULL),(538,3,5,'2022-06-25 22:00:00',NULL),(539,2,11,'2022-08-03 22:00:00',NULL),(540,1,14,'2022-07-12 22:00:00',NULL),(541,3,11,'2022-06-25 22:00:00',NULL),(542,1,7,'2022-07-21 22:00:00',NULL),(543,2,4,'2022-07-16 22:00:00',NULL),(544,1,14,'2022-03-12 23:00:00',NULL),(545,1,17,'2022-07-31 22:00:00',NULL),(546,1,12,'2021-09-27 22:00:00',NULL),(547,1,3,'2022-09-25 22:00:00',NULL),(548,3,11,'2022-08-01 22:00:00',NULL),(549,1,6,'2022-11-21 23:00:00',NULL),(550,2,14,'2022-03-14 23:00:00',NULL),(551,2,11,'2022-06-01 22:00:00',NULL),(552,1,14,'2022-06-02 22:00:00',NULL),(553,3,2,'2022-04-12 22:00:00',NULL),(554,1,10,'2022-08-11 22:00:00',NULL),(555,3,7,'2022-10-01 22:00:00',NULL),(556,2,2,'2022-10-16 22:00:00',NULL),(557,1,13,'2022-12-19 23:00:00',NULL),(558,3,13,'2022-04-09 22:00:00',NULL),(559,1,13,'2022-11-02 23:00:00',NULL),(560,2,14,'2022-07-20 22:00:00',NULL),(561,3,10,'2022-07-01 22:00:00',NULL),(562,1,5,'2022-03-22 23:00:00',NULL),(563,1,15,'2022-03-22 23:00:00',NULL),(564,3,13,'2021-11-06 23:00:00',NULL),(565,3,8,'2022-10-24 22:00:00',NULL),(566,2,14,'2022-02-13 23:00:00',NULL),(567,1,8,'2022-11-30 23:00:00',NULL),(568,1,7,'2022-02-24 23:00:00',NULL),(569,1,8,'2022-04-21 22:00:00',NULL),(570,2,13,'2022-12-20 23:00:00',NULL),(571,1,8,'2022-05-06 22:00:00',NULL),(572,3,7,'2022-05-04 22:00:00',NULL),(573,1,11,'2022-09-08 22:00:00',NULL),(574,3,2,'2022-02-13 23:00:00',NULL),(575,2,2,'2022-08-26 22:00:00',NULL),(576,1,8,'2022-12-04 23:00:00',NULL),(577,3,5,'2022-04-26 22:00:00',NULL),(578,1,14,'2022-08-20 22:00:00',NULL),(579,2,11,'2022-03-01 23:00:00',NULL),(580,1,18,'2022-06-09 22:00:00',NULL),(581,1,17,'2022-04-16 22:00:00',NULL),(582,2,9,'2021-05-17 22:00:00',NULL),(583,2,7,'2022-12-19 23:00:00',NULL),(584,1,2,'2022-06-05 22:00:00',NULL),(585,2,11,'2022-04-14 22:00:00',NULL),(586,1,5,'2022-05-15 22:00:00',NULL),(587,3,4,'2022-01-09 23:00:00',NULL),(588,1,5,'2022-07-31 22:00:00',NULL),(589,1,10,'2022-09-13 22:00:00',NULL),(590,3,13,'2022-11-11 23:00:00',NULL),(591,2,5,'2022-03-12 23:00:00',NULL),(592,1,6,'2022-04-15 22:00:00',NULL),(593,3,8,'2022-02-27 23:00:00',NULL),(594,1,9,'2022-03-13 23:00:00',NULL),(595,2,10,'2022-07-27 22:00:00',NULL),(596,1,6,'2022-09-12 22:00:00',NULL),(597,3,16,'2022-11-06 23:00:00',NULL),(598,1,6,'2022-04-22 22:00:00',NULL),(599,1,11,'2021-12-31 23:00:00',NULL),(600,3,10,'2021-02-25 23:00:00',NULL),(601,1,1,'2022-09-07 22:00:00',NULL),(602,3,4,'2022-04-30 22:00:00',NULL),(603,2,10,'2022-10-02 22:00:00',NULL),(604,3,4,'2022-03-09 23:00:00',NULL),(605,2,11,'2022-09-26 22:00:00',NULL),(606,2,5,'2022-04-25 22:00:00',NULL),(607,1,1,'2022-02-18 23:00:00',NULL),(608,3,7,'2022-01-24 23:00:00',NULL),(609,3,12,'2022-10-18 22:00:00',NULL),(610,1,6,'2022-05-04 22:00:00',NULL),(611,1,9,'2022-07-13 22:00:00',NULL),(612,1,12,'2022-05-21 22:00:00',NULL),(613,3,4,'2022-02-15 23:00:00',NULL),(614,1,7,'2022-06-10 22:00:00',NULL),(615,1,9,'2022-07-07 22:00:00',NULL),(616,1,9,'2022-08-26 22:00:00',NULL),(617,2,1,'2022-09-04 22:00:00',NULL),(618,2,11,'2021-04-07 22:00:00',NULL),(619,2,3,'2022-02-21 23:00:00',NULL),(620,1,2,'2022-01-26 23:00:00',NULL),(621,1,11,'2022-07-27 22:00:00',NULL),(622,3,10,'2022-10-12 22:00:00',NULL),(623,3,12,'2022-07-17 22:00:00',NULL),(624,2,2,'2022-04-22 22:00:00',NULL),(625,2,3,'2022-02-03 23:00:00',NULL),(626,3,12,'2022-01-22 23:00:00',NULL),(627,2,2,'2022-04-21 22:00:00',NULL),(628,3,9,'2022-07-11 22:00:00',NULL),(629,1,5,'2022-06-15 22:00:00',NULL),(630,3,3,'2022-02-09 23:00:00',NULL),(631,1,6,'2022-03-12 23:00:00',NULL),(632,1,11,'2022-06-27 22:00:00',NULL),(633,2,12,'2022-07-27 22:00:00',NULL),(634,2,18,'2022-12-26 23:00:00',NULL),(635,3,7,'2022-11-16 23:00:00',NULL),(636,1,7,'2021-05-12 22:00:00',NULL),(637,2,5,'2022-01-05 23:00:00',NULL),(638,2,12,'2022-09-26 22:00:00',NULL),(639,3,8,'2022-06-18 22:00:00',NULL),(640,1,11,'2022-02-09 23:00:00',NULL),(641,1,3,'2022-07-12 22:00:00',NULL),(642,3,12,'2022-01-20 23:00:00',NULL),(643,3,8,'2022-02-25 23:00:00',NULL),(644,3,9,'2022-09-12 22:00:00',NULL),(645,3,1,'2022-04-11 22:00:00',NULL),(646,1,5,'2022-04-20 22:00:00',NULL),(647,3,1,'2022-03-14 23:00:00',NULL),(648,3,14,'2022-09-27 22:00:00',NULL),(649,3,9,'2022-07-16 22:00:00',NULL),(650,1,3,'2022-06-16 22:00:00',NULL),(651,1,17,'2022-04-09 22:00:00',NULL),(652,1,12,'2022-09-12 22:00:00',NULL),(653,2,2,'2022-05-23 22:00:00',NULL),(654,2,3,'2021-10-10 22:00:00',NULL),(655,3,14,'2022-10-25 22:00:00',NULL),(656,2,3,'2022-09-17 22:00:00',NULL),(657,3,2,'2022-08-05 22:00:00',NULL),(658,3,10,'2022-11-17 23:00:00',NULL),(659,3,14,'2022-11-10 23:00:00',NULL),(660,3,12,'2022-08-25 22:00:00',NULL),(661,3,6,'2022-11-10 23:00:00',NULL),(662,3,6,'2022-10-18 22:00:00',NULL),(663,2,14,'2022-11-23 23:00:00',NULL),(664,1,9,'2022-06-14 22:00:00',NULL),(665,1,5,'2022-01-23 23:00:00',NULL),(666,1,13,'2022-07-08 22:00:00',NULL),(667,1,2,'2022-03-05 23:00:00',NULL),(668,1,4,'2022-09-11 22:00:00',NULL),(669,2,18,'2022-05-12 22:00:00',NULL),(670,2,8,'2022-07-24 22:00:00',NULL),(671,2,2,'2022-04-08 22:00:00',NULL),(672,1,10,'2021-12-12 23:00:00',NULL),(673,2,5,'2022-08-22 22:00:00',NULL),(674,3,12,'2022-07-15 22:00:00',NULL),(675,2,10,'2022-07-12 22:00:00',NULL),(676,2,8,'2022-08-03 22:00:00',NULL),(677,1,5,'2022-05-04 22:00:00',NULL),(678,1,6,'2022-04-18 22:00:00',NULL),(679,2,12,'2022-09-04 22:00:00',NULL),(680,3,8,'2022-05-11 22:00:00',NULL),(681,2,7,'2022-12-18 23:00:00',NULL),(682,2,8,'2022-10-14 22:00:00',NULL),(683,2,2,'2022-12-13 23:00:00',NULL),(684,1,1,'2022-12-20 23:00:00',NULL),(685,2,5,'2022-11-27 23:00:00',NULL),(686,3,3,'2022-01-20 23:00:00',NULL),(687,3,4,'2022-05-16 22:00:00',NULL),(688,2,15,'2022-08-26 22:00:00',NULL),(689,1,17,'2022-02-08 23:00:00',NULL),(690,3,11,'2021-12-21 23:00:00',NULL),(691,3,13,'2022-05-06 22:00:00',NULL),(692,3,12,'2022-05-01 22:00:00',NULL),(693,3,10,'2022-02-06 23:00:00',NULL),(694,1,3,'2022-08-12 22:00:00',NULL),(695,2,10,'2022-08-03 22:00:00',NULL),(696,3,6,'2022-10-27 22:00:00',NULL),(697,3,4,'2022-04-09 22:00:00',NULL),(698,3,5,'2022-08-21 22:00:00',NULL),(699,1,13,'2022-04-18 22:00:00',NULL),(700,3,8,'2022-12-08 23:00:00',NULL),(701,3,4,'2022-02-11 23:00:00',NULL),(702,1,5,'2022-01-01 23:00:00',NULL),(703,2,13,'2022-10-15 22:00:00',NULL),(704,1,11,'2022-08-12 22:00:00',NULL),(705,1,12,'2022-10-22 22:00:00',NULL),(706,1,4,'2022-02-08 23:00:00',NULL),(707,3,12,'2022-09-27 22:00:00',NULL),(708,1,10,'2021-04-25 22:00:00',NULL),(709,3,13,'2022-01-12 23:00:00',NULL),(710,1,6,'2022-01-08 23:00:00',NULL),(711,1,11,'2022-05-09 22:00:00',NULL),(712,1,11,'2022-11-04 23:00:00',NULL),(713,2,14,'2022-05-08 22:00:00',NULL),(714,2,11,'2022-12-14 23:00:00',NULL),(715,3,4,'2022-04-11 22:00:00',NULL),(716,2,6,'2022-05-11 22:00:00',NULL),(717,1,2,'2022-08-19 22:00:00',NULL),(718,3,11,'2022-08-27 22:00:00',NULL),(719,1,2,'2022-04-17 22:00:00',NULL),(720,3,12,'2022-05-01 22:00:00',NULL),(721,2,9,'2022-08-05 22:00:00',NULL),(722,2,11,'2022-02-15 23:00:00',NULL),(723,2,5,'2022-11-20 23:00:00',NULL),(724,1,15,'2022-06-23 22:00:00',NULL),(725,1,8,'2022-12-20 23:00:00',NULL),(726,3,4,'2021-07-24 22:00:00',NULL),(727,2,12,'2022-06-20 22:00:00',NULL),(728,3,1,'2021-12-31 23:00:00',NULL),(729,2,9,'2022-11-03 23:00:00',NULL),(730,3,1,'2022-04-04 22:00:00',NULL),(731,1,14,'2022-10-18 22:00:00',NULL),(732,1,5,'2022-09-04 22:00:00',NULL),(733,1,11,'2022-01-04 23:00:00',NULL),(734,3,12,'2022-12-25 23:00:00',NULL),(735,2,12,'2022-12-21 23:00:00',NULL),(736,1,9,'2022-02-14 23:00:00',NULL),(737,3,8,'2022-03-23 23:00:00',NULL),(738,2,4,'2022-07-11 22:00:00',NULL),(739,2,14,'2022-03-13 23:00:00',NULL),(740,1,9,'2022-05-16 22:00:00',NULL),(741,3,13,'2022-07-31 22:00:00',NULL),(742,2,2,'2022-09-06 22:00:00',NULL),(743,1,1,'2022-04-19 22:00:00',NULL),(744,3,13,'2021-06-23 22:00:00',NULL),(745,2,8,'2022-02-23 23:00:00',NULL),(746,2,6,'2022-02-27 23:00:00',NULL),(747,2,5,'2022-09-04 22:00:00',NULL),(748,1,12,'2022-08-27 22:00:00',NULL),(749,1,2,'2022-08-06 22:00:00',NULL),(750,1,2,'2022-07-04 22:00:00',NULL),(751,3,6,'2022-11-07 23:00:00',NULL),(752,1,7,'2022-12-25 23:00:00',NULL),(753,3,2,'2022-01-11 23:00:00',NULL),(754,3,7,'2022-01-17 23:00:00',NULL),(755,2,13,'2022-03-12 23:00:00',NULL),(756,1,9,'2022-03-23 23:00:00',NULL),(757,1,12,'2022-04-14 22:00:00',NULL),(758,1,14,'2022-01-22 23:00:00',NULL),(759,3,15,'2022-11-09 23:00:00',NULL),(760,2,17,'2022-09-23 22:00:00',NULL),(761,1,8,'2022-08-12 22:00:00',NULL),(762,3,8,'2021-08-09 22:00:00',NULL),(763,3,12,'2022-10-17 22:00:00',NULL),(764,3,6,'2022-03-31 22:00:00',NULL),(765,3,10,'2022-08-25 22:00:00',NULL),(766,2,6,'2022-01-12 23:00:00',NULL),(767,3,9,'2022-01-08 23:00:00',NULL),(768,3,10,'2022-10-13 22:00:00',NULL),(769,2,7,'2022-04-16 22:00:00',NULL),(770,1,3,'2022-12-15 23:00:00',NULL),(771,1,6,'2022-10-26 22:00:00',NULL),(772,2,4,'2022-05-25 22:00:00',NULL),(773,2,10,'2022-01-20 23:00:00',NULL),(774,3,4,'2022-10-03 22:00:00',NULL),(775,3,11,'2022-12-15 23:00:00',NULL),(776,3,8,'2022-01-24 23:00:00',NULL),(777,2,14,'2022-04-25 22:00:00',NULL),(778,1,9,'2022-05-23 22:00:00',NULL),(779,2,18,'2022-01-11 23:00:00',NULL),(780,1,13,'2021-10-11 22:00:00',NULL),(781,3,1,'2022-11-06 23:00:00',NULL),(782,1,13,'2022-08-26 22:00:00',NULL),(783,2,6,'2022-09-03 22:00:00',NULL),(784,3,8,'2022-11-11 23:00:00',NULL),(785,2,9,'2022-09-30 22:00:00',NULL),(786,2,10,'2022-05-02 22:00:00',NULL),(787,2,13,'2022-02-15 23:00:00',NULL),(788,3,6,'2022-07-10 22:00:00',NULL),(789,1,4,'2022-06-03 22:00:00',NULL),(790,2,2,'2022-10-25 22:00:00',NULL),(791,3,14,'2022-10-12 22:00:00',NULL),(792,2,5,'2022-03-24 23:00:00',NULL),(793,2,6,'2022-04-08 22:00:00',NULL),(794,2,8,'2022-02-18 23:00:00',NULL),(795,2,15,'2022-03-01 23:00:00',NULL),(796,2,3,'2022-04-09 22:00:00',NULL),(797,2,10,'2022-02-14 23:00:00',NULL),(798,3,8,'2021-10-13 22:00:00',NULL),(799,2,8,'2022-04-01 22:00:00',NULL),(800,1,11,'2022-08-21 22:00:00',NULL),(801,1,10,'2022-12-03 23:00:00',NULL),(802,1,14,'2022-06-08 22:00:00',NULL),(803,1,4,'2022-04-11 22:00:00',NULL),(804,3,12,'2022-04-07 22:00:00',NULL),(805,3,8,'2022-05-15 22:00:00',NULL),(806,1,5,'2022-07-16 22:00:00',NULL),(807,2,10,'2022-11-06 23:00:00',NULL),(808,1,12,'2022-07-22 22:00:00',NULL),(809,1,1,'2022-08-10 22:00:00',NULL),(810,3,1,'2022-05-22 22:00:00',NULL),(811,2,2,'2022-05-04 22:00:00',NULL),(812,1,3,'2022-08-06 22:00:00',NULL),(813,2,16,'2022-10-22 22:00:00',NULL),(814,2,2,'2022-02-20 23:00:00',NULL),(815,3,8,'2022-05-08 22:00:00',NULL),(816,1,4,'2021-07-03 22:00:00',NULL),(817,3,7,'2022-12-06 23:00:00',NULL),(818,3,13,'2022-05-21 22:00:00',NULL),(819,1,10,'2022-12-11 23:00:00',NULL),(820,3,8,'2022-04-21 22:00:00',NULL),(821,2,3,'2022-03-08 23:00:00',NULL),(822,3,13,'2022-11-06 23:00:00',NULL),(823,2,6,'2022-04-18 22:00:00',NULL),(824,2,10,'2022-06-22 22:00:00',NULL),(825,1,10,'2022-02-06 23:00:00',NULL),(826,3,9,'2022-12-18 23:00:00',NULL),(827,1,3,'2022-10-01 22:00:00',NULL),(828,3,7,'2022-11-14 23:00:00',NULL),(829,1,13,'2022-10-25 22:00:00',NULL),(830,1,11,'2022-06-22 22:00:00',NULL),(831,1,3,'2022-03-07 23:00:00',NULL),(832,3,16,'2022-02-20 23:00:00',NULL),(833,3,1,'2022-06-12 22:00:00',NULL),(834,2,12,'2021-09-02 22:00:00',NULL),(835,3,3,'2022-08-03 22:00:00',NULL),(836,3,13,'2022-01-19 23:00:00',NULL),(837,2,6,'2022-06-23 22:00:00',NULL),(838,3,1,'2022-08-06 22:00:00',NULL),(839,2,8,'2022-09-24 22:00:00',NULL),(840,2,13,'2022-05-20 22:00:00',NULL),(841,2,14,'2022-03-17 23:00:00',NULL),(842,1,13,'2022-04-12 22:00:00',NULL),(843,2,7,'2022-09-26 22:00:00',NULL),(844,1,2,'2022-04-19 22:00:00',NULL),(845,3,7,'2022-12-18 23:00:00',NULL),(846,3,2,'2022-01-31 23:00:00',NULL),(847,1,3,'2022-12-26 23:00:00',NULL),(848,1,7,'2022-02-01 23:00:00',NULL),(849,3,15,'2022-12-20 23:00:00',NULL),(850,2,3,'2022-08-22 22:00:00',NULL),(851,2,3,'2022-02-15 23:00:00',NULL),(852,1,13,'2021-10-18 22:00:00',NULL),(853,1,11,'2022-10-06 22:00:00',NULL),(854,3,10,'2022-07-25 22:00:00',NULL),(855,2,7,'2022-10-23 22:00:00',NULL),(856,1,13,'2022-02-20 23:00:00',NULL),(857,2,5,'2022-01-02 23:00:00',NULL),(858,3,12,'2022-07-24 22:00:00',NULL),(859,3,2,'2022-01-24 23:00:00',NULL),(860,1,7,'2022-08-22 22:00:00',NULL),(861,1,14,'2022-01-23 23:00:00',NULL),(862,2,6,'2022-04-23 22:00:00',NULL),(863,3,3,'2022-07-20 22:00:00',NULL),(864,3,4,'2022-01-01 23:00:00',NULL),(865,2,3,'2022-11-02 23:00:00',NULL),(866,3,16,'2022-10-12 22:00:00',NULL),(867,2,17,'2022-07-01 22:00:00',NULL),(868,3,17,'2022-04-23 22:00:00',NULL),(869,1,18,'2022-07-05 22:00:00',NULL),(870,1,11,'2021-06-04 22:00:00',NULL),(871,2,14,'2022-08-05 22:00:00',NULL),(872,1,8,'2022-07-08 22:00:00',NULL),(873,2,7,'2022-09-27 22:00:00',NULL),(874,1,4,'2022-02-21 23:00:00',NULL),(875,1,3,'2022-08-01 22:00:00',NULL),(876,2,3,'2022-03-07 23:00:00',NULL),(877,1,6,'2022-11-11 23:00:00',NULL),(878,1,14,'2022-09-02 22:00:00',NULL),(879,1,5,'2022-08-02 22:00:00',NULL),(880,2,5,'2022-06-21 22:00:00',NULL),(881,3,5,'2022-06-19 22:00:00',NULL),(882,3,8,'2022-04-12 22:00:00',NULL),(883,2,8,'2022-03-20 23:00:00',NULL),(884,1,4,'2022-05-04 22:00:00',NULL),(885,3,4,'2022-03-22 23:00:00',NULL),(886,1,4,'2022-04-02 22:00:00',NULL),(887,2,18,'2022-06-18 22:00:00',NULL),(888,1,11,'2021-02-13 23:00:00',NULL),(889,2,14,'2022-07-05 22:00:00',NULL),(890,2,7,'2022-05-27 22:00:00',NULL),(891,3,1,'2022-05-27 22:00:00',NULL),(892,2,10,'2022-08-07 22:00:00',NULL),(893,2,7,'2022-12-02 23:00:00',NULL),(894,3,14,'2022-10-06 22:00:00',NULL),(895,3,14,'2022-10-02 22:00:00',NULL),(896,1,12,'2022-11-16 23:00:00',NULL),(897,2,11,'2022-01-03 23:00:00',NULL),(898,2,6,'2022-07-12 22:00:00',NULL),(899,3,12,'2022-06-24 22:00:00',NULL),(900,3,3,'2022-01-16 23:00:00',NULL),(901,2,7,'2022-05-31 22:00:00',NULL),(902,2,6,'2022-03-12 23:00:00',NULL),(903,3,11,'2022-05-24 22:00:00',NULL),(904,3,15,'2022-11-15 23:00:00',NULL),(905,2,16,'2022-05-18 22:00:00',NULL),(906,2,6,'2021-11-01 23:00:00',NULL),(907,3,10,'2022-12-02 23:00:00',NULL),(908,3,7,'2022-06-08 22:00:00',NULL),(909,3,3,'2022-08-11 22:00:00',NULL),(910,2,2,'2022-09-01 22:00:00',NULL),(911,3,7,'2022-07-12 22:00:00',NULL),(912,3,1,'2022-09-24 22:00:00',NULL),(913,3,14,'2022-07-17 22:00:00',NULL),(914,1,11,'2022-01-04 23:00:00',NULL),(915,1,10,'2022-05-09 22:00:00',NULL),(916,1,11,'2022-08-15 22:00:00',NULL),(917,2,10,'2022-09-22 22:00:00',NULL),(918,2,9,'2022-05-04 22:00:00',NULL),(919,3,14,'2022-10-16 22:00:00',NULL),(920,3,18,'2022-01-14 23:00:00',NULL),(921,3,5,'2022-05-21 22:00:00',NULL),(922,1,10,'2022-01-07 23:00:00',NULL),(923,2,7,'2022-11-04 23:00:00',NULL),(924,1,13,'2021-01-09 23:00:00',NULL),(925,3,1,'2022-07-13 22:00:00',NULL),(926,2,1,'2022-11-08 23:00:00',NULL),(927,1,11,'2022-05-12 22:00:00',NULL),(928,3,10,'2022-11-07 23:00:00',NULL),(929,2,1,'2022-03-10 23:00:00',NULL),(930,2,5,'2022-07-08 22:00:00',NULL),(931,3,13,'2022-03-19 23:00:00',NULL),(932,2,2,'2022-12-13 23:00:00',NULL),(933,2,7,'2022-04-22 22:00:00',NULL),(934,2,11,'2022-09-26 22:00:00',NULL),(935,2,6,'2022-06-20 22:00:00',NULL),(936,2,9,'2022-04-11 22:00:00',NULL),(937,3,6,'2022-03-14 23:00:00',NULL),(938,3,4,'2022-11-19 23:00:00',NULL),(939,1,6,'2022-02-27 23:00:00',NULL),(940,2,13,'2022-11-03 23:00:00',NULL),(941,3,3,'2022-02-15 23:00:00',NULL),(942,3,1,'2021-04-23 22:00:00',NULL),(943,1,2,'2022-07-20 22:00:00',NULL),(944,3,3,'2022-07-14 22:00:00',NULL),(945,1,8,'2022-01-26 23:00:00',NULL),(946,1,4,'2022-07-31 22:00:00',NULL),(947,3,13,'2022-05-03 22:00:00',NULL),(948,2,4,'2022-04-18 22:00:00',NULL),(949,1,11,'2022-10-25 22:00:00',NULL),(950,3,6,'2022-11-10 23:00:00',NULL),(951,2,10,'2022-05-17 22:00:00',NULL),(952,3,6,'2022-03-16 23:00:00',NULL),(953,3,3,'2022-02-12 23:00:00',NULL),(954,2,3,'2022-10-05 22:00:00',NULL),(955,2,1,'2022-01-03 23:00:00',NULL),(956,3,11,'2022-10-05 22:00:00',NULL),(957,2,9,'2022-06-18 22:00:00',NULL),(958,1,5,'2022-08-20 22:00:00',NULL),(959,2,16,'2022-06-09 22:00:00',NULL),(960,2,3,'2021-04-13 22:00:00',NULL),(961,2,13,'2022-03-20 23:00:00',NULL),(962,3,9,'2022-06-13 22:00:00',NULL),(963,1,9,'2022-04-14 22:00:00',NULL),(964,1,10,'2022-07-23 22:00:00',NULL),(965,2,7,'2022-05-10 22:00:00',NULL),(966,1,2,'2022-11-16 23:00:00',NULL),(967,3,3,'2022-12-19 23:00:00',NULL),(968,1,5,'2022-03-06 23:00:00',NULL),(969,3,8,'2022-11-12 23:00:00',NULL),(970,3,5,'2022-12-18 23:00:00',NULL),(971,1,6,'2022-08-24 22:00:00',NULL),(972,2,12,'2022-10-31 23:00:00',NULL),(973,3,8,'2022-08-10 22:00:00',NULL),(974,1,10,'2022-08-19 22:00:00',NULL),(975,2,7,'2022-11-06 23:00:00',NULL),(976,1,16,'2022-05-08 22:00:00',NULL),(977,3,1,'2022-04-07 22:00:00',NULL),(978,2,4,'2021-12-03 23:00:00',NULL),(979,2,6,'2022-10-27 22:00:00',NULL),(980,3,6,'2022-02-14 23:00:00',NULL),(981,1,8,'2022-11-15 23:00:00',NULL),(982,1,12,'2022-09-10 22:00:00',NULL),(983,1,11,'2022-03-24 23:00:00',NULL),(984,2,12,'2022-09-06 22:00:00',NULL),(985,1,4,'2022-05-08 22:00:00',NULL),(986,2,12,'2022-11-07 23:00:00',NULL),(987,3,5,'2022-08-03 22:00:00',NULL),(988,2,1,'2022-08-19 22:00:00',NULL),(989,3,6,'2022-08-23 22:00:00',NULL),(990,3,14,'2022-08-21 22:00:00',NULL),(991,1,4,'2022-09-20 22:00:00',NULL);
/*!40000 ALTER TABLE `visits` ENABLE KEYS */;
UNLOCK TABLES;

--
-- Dumping routines for database 'laratest'
--
/*!40103 SET TIME_ZONE=@OLD_TIME_ZONE */;

/*!40101 SET SQL_MODE=@OLD_SQL_MODE */;
/*!40014 SET FOREIGN_KEY_CHECKS=@OLD_FOREIGN_KEY_CHECKS */;
/*!40014 SET UNIQUE_CHECKS=@OLD_UNIQUE_CHECKS */;
/*!40101 SET CHARACTER_SET_CLIENT=@OLD_CHARACTER_SET_CLIENT */;
/*!40101 SET CHARACTER_SET_RESULTS=@OLD_CHARACTER_SET_RESULTS */;
/*!40101 SET COLLATION_CONNECTION=@OLD_COLLATION_CONNECTION */;
/*!40111 SET SQL_NOTES=@OLD_SQL_NOTES */;

-- Dump completed on 2022-04-12 17:12:13
